Time,Name,IP,Status,Latency_ms
2025-11-10 11:33:14,Airtel_Zerotouch_5G,192.168.1.10,DOWN,
2025-11-10 11:33:22,Shakti_2.4GHz,192.168.1.1,UP,1.0
2025-11-10 11:33:24,SHAKTI_5GHz,192.168.1.2,DOWN,
2025-11-10 11:33:26,Air_Shakti_564_5GHz,192.168.1.3,DOWN,
2025-11-10 11:33:53,Shakti_2.4GHz,192.168.1.1,UP,5.0
2025-11-10 11:33:55,SHAKTI_5GHz,192.168.1.2,DOWN,
2025-11-10 11:33:57,Air_Shakti_564_5GHz,192.168.1.3,DOWN,
2025-11-10 11:33:59,Air_Shakti_564_2.4GHz,192.168.1.4,DOWN,
2025-11-10 11:34:01,Air_Shakti_501_2.4GHz,192.168.1.5,DOWN,
2025-11-10 11:34:03,Air_Shakti_501_5GHz,192.168.1.6,DOWN,
2025-11-10 11:34:05,Lawful_Connect_2.4GHz,192.168.1.7,DOWN,
2025-11-10 11:34:07,Lawfull_Conect_5GHz,192.168.1.8,DOWN,
2025-11-10 11:34:09,Airtel_Zerotouch,192.168.1.9,DOWN,
2025-11-10 11:34:11,Airtel_Zerotouch_5G,192.168.1.10,DOWN,
2025-11-10 11:34:19,Shakti_2.4GHz,192.168.1.1,UP,1.0
2025-11-10 11:34:21,SHAKTI_5GHz,192.168.1.2,DOWN,
2025-11-10 11:34:23,Air_Shakti_564_5GHz,192.168.1.3,DOWN,
2025-11-10 11:34:25,Air_Shakti_564_2.4GHz,192.168.1.4,DOWN,
2025-11-10 11:34:27,Air_Shakti_501_2.4GHz,192.168.1.5,DOWN,
2025-11-10 11:34:29,Air_Shakti_501_5GHz,192.168.1.6,DOWN,
2025-11-10 11:34:31,Lawful_Connect_2.4GHz,192.168.1.7,DOWN,
2025-11-10 11:34:33,Lawfull_Conect_5GHz,192.168.1.8,DOWN,
2025-11-10 11:34:35,Airtel_Zerotouch,192.168.1.9,DOWN,
2025-11-10 11:34:37,Airtel_Zerotouch_5G,192.168.1.10,DOWN,
2025-11-10 11:34:45,Shakti_2.4GHz,192.168.1.1,UP,16.0
2025-11-10 11:34:47,SHAKTI_5GHz,192.168.1.2,DOWN,
2025-11-10 11:34:49,Air_Shakti_564_5GHz,192.168.1.3,DOWN,
2025-11-10 11:34:51,Air_Shakti_564_2.4GHz,192.168.1.4,DOWN,
2025-11-10 11:34:53,Air_Shakti_501_2.4GHz,192.168.1.5,DOWN,
2025-11-10 11:34:55,Air_Shakti_501_5GHz,192.168.1.6,DOWN,
2025-11-10 11:34:57,Lawful_Connect_2.4GHz,192.168.1.7,DOWN,
2025-11-10 11:34:59,Lawfull_Conect_5GHz,192.168.1.8,DOWN,
2025-11-10 11:35:01,Airtel_Zerotouch,192.168.1.9,DOWN,
2025-11-10 11:35:03,Airtel_Zerotouch_5G,192.168.1.10,DOWN,
2025-11-10 11:35:11,Shakti_2.4GHz,192.168.1.1,UP,5.0
2025-11-10 11:35:13,SHAKTI_5GHz,192.168.1.2,DOWN,
2025-11-10 11:35:15,Air_Shakti_564_5GHz,192.168.1.3,DOWN,
2025-11-10 11:35:17,Air_Shakti_564_2.4GHz,192.168.1.4,DOWN,
2025-11-10 11:35:19,Air_Shakti_501_2.4GHz,192.168.1.5,DOWN,
2025-11-10 11:35:21,Air_Shakti_501_5GHz,192.168.1.6,DOWN,
2025-11-10 11:35:23,Lawful_Connect_2.4GHz,192.168.1.7,DOWN,
2025-11-10 11:35:25,Lawfull_Conect_5GHz,192.168.1.8,DOWN,
2025-11-10 11:35:27,Airtel_Zerotouch,192.168.1.9,DOWN,
2025-11-10 11:35:29,Airtel_Zerotouch_5G,192.168.1.10,DOWN,
2025-11-10 11:35:37,Shakti_2.4GHz,192.168.1.1,UP,1.0
2025-11-10 11:35:39,SHAKTI_5GHz,192.168.1.2,DOWN,
2025-11-10 11:35:41,Air_Shakti_564_5GHz,192.168.1.3,DOWN,
2025-11-10 11:35:43,Air_Shakti_564_2.4GHz,192.168.1.4,DOWN,
2025-11-10 11:35:45,Air_Shakti_501_2.4GHz,192.168.1.5,DOWN,
2025-11-10 11:35:47,Air_Shakti_501_5GHz,192.168.1.6,DOWN,
2025-11-10 11:35:49,Lawful_Connect_2.4GHz,192.168.1.7,DOWN,
2025-11-10 11:35:51,Lawfull_Conect_5GHz,192.168.1.8,DOWN,
2025-11-10 11:35:53,Airtel_Zerotouch,192.168.1.9,DOWN,
2025-11-10 11:35:55,Airtel_Zerotouch_5G,192.168.1.10,DOWN,
2025-11-10 11:36:03,Shakti_2.4GHz,192.168.1.1,UP,1.0
2025-11-10 11:36:05,SHAKTI_5GHz,192.168.1.2,DOWN,
2025-11-10 11:36:07,Air_Shakti_564_5GHz,192.168.1.3,DOWN,
2025-11-10 11:36:09,Air_Shakti_564_2.4GHz,192.168.1.4,DOWN,
2025-11-10 11:36:11,Air_Shakti_501_2.4GHz,192.168.1.5,DOWN,
2025-11-10 11:36:13,Air_Shakti_501_5GHz,192.168.1.6,DOWN,
2025-11-10 11:36:15,Lawful_Connect_2.4GHz,192.168.1.7,DOWN,
2025-11-10 11:36:17,Lawfull_Conect_5GHz,192.168.1.8,DOWN,
2025-11-10 11:36:19,Airtel_Zerotouch,192.168.1.9,DOWN,
2025-11-10 11:36:21,Airtel_Zerotouch_5G,192.168.1.10,DOWN,
2025-11-10 11:36:29,Shakti_2.4GHz,192.168.1.1,UP,1.0
2025-11-10 11:36:31,SHAKTI_5GHz,192.168.1.2,DOWN,
2025-11-10 11:36:33,Air_Shakti_564_5GHz,192.168.1.3,DOWN,
2025-11-10 11:36:35,Air_Shakti_564_2.4GHz,192.168.1.4,DOWN,
2025-11-10 11:36:37,Air_Shakti_501_2.4GHz,192.168.1.5,DOWN,
2025-11-10 11:36:39,Air_Shakti_501_5GHz,192.168.1.6,DOWN,
2025-11-10 11:36:41,Lawful_Connect_2.4GHz,192.168.1.7,DOWN,
2025-11-10 11:36:43,Lawfull_Conect_5GHz,192.168.1.8,DOWN,
2025-11-10 11:36:45,Airtel_Zerotouch,192.168.1.9,DOWN,
2025-11-10 11:36:47,Airtel_Zerotouch_5G,192.168.1.10,DOWN,
2025-11-10 11:36:55,Shakti_2.4GHz,192.168.1.1,UP,41.0
2025-11-10 11:36:57,SHAKTI_5GHz,192.168.1.2,DOWN,
2025-11-10 11:36:59,Air_Shakti_564_5GHz,192.168.1.3,DOWN,
2025-11-10 11:37:01,Air_Shakti_564_2.4GHz,192.168.1.4,DOWN,
2025-11-10 11:37:03,Air_Shakti_501_2.4GHz,192.168.1.5,DOWN,
2025-11-10 11:37:05,Air_Shakti_501_5GHz,192.168.1.6,DOWN,
2025-11-10 11:37:07,Lawful_Connect_2.4GHz,192.168.1.7,DOWN,
2025-11-10 11:37:09,Lawfull_Conect_5GHz,192.168.1.8,DOWN,
2025-11-10 11:37:11,Airtel_Zerotouch,192.168.1.9,DOWN,
2025-11-10 11:37:13,Airtel_Zerotouch_5G,192.168.1.10,DOWN,
2025-11-10 11:37:21,Shakti_2.4GHz,192.168.1.1,UP,1.0
2025-11-10 11:37:23,SHAKTI_5GHz,192.168.1.2,DOWN,
2025-11-10 11:37:25,Air_Shakti_564_5GHz,192.168.1.3,DOWN,
2025-11-10 11:37:27,Air_Shakti_564_2.4GHz,192.168.1.4,DOWN,
2025-11-10 11:37:29,Air_Shakti_501_2.4GHz,192.168.1.5,DOWN,
2025-11-10 11:37:31,Air_Shakti_501_5GHz,192.168.1.6,DOWN,
2025-11-10 11:37:33,Lawful_Connect_2.4GHz,192.168.1.7,DOWN,
2025-11-10 11:37:35,Lawfull_Conect_5GHz,192.168.1.8,DOWN,
2025-11-10 11:37:37,Airtel_Zerotouch,192.168.1.9,DOWN,
2025-11-10 11:37:39,Airtel_Zerotouch_5G,192.168.1.10,DOWN,
2025-11-10 11:37:47,Shakti_2.4GHz,192.168.1.1,UP,1.0
2025-11-10 11:37:49,SHAKTI_5GHz,192.168.1.2,DOWN,
2025-11-10 11:37:51,Air_Shakti_564_5GHz,192.168.1.3,DOWN,
2025-11-10 11:37:53,Air_Shakti_564_2.4GHz,192.168.1.4,DOWN,
2025-11-10 11:37:55,Air_Shakti_501_2.4GHz,192.168.1.5,DOWN,
2025-11-10 11:37:57,Air_Shakti_501_5GHz,192.168.1.6,DOWN,
2025-11-10 11:37:59,Lawful_Connect_2.4GHz,192.168.1.7,DOWN,
2025-11-10 11:38:01,Lawfull_Conect_5GHz,192.168.1.8,DOWN,
2025-11-10 11:38:03,Airtel_Zerotouch,192.168.1.9,DOWN,
2025-11-10 11:38:05,Airtel_Zerotouch_5G,192.168.1.10,DOWN,
2025-11-10 11:38:13,Shakti_2.4GHz,192.168.1.1,UP,1.0
2025-11-10 11:38:15,SHAKTI_5GHz,192.168.1.2,DOWN,
2025-11-10 11:38:17,Air_Shakti_564_5GHz,192.168.1.3,DOWN,
2025-11-10 11:38:19,Air_Shakti_564_2.4GHz,192.168.1.4,DOWN,
2025-11-10 11:38:21,Air_Shakti_501_2.4GHz,192.168.1.5,DOWN,
2025-11-10 11:38:23,Air_Shakti_501_5GHz,192.168.1.6,DOWN,
2025-11-10 11:38:25,Lawful_Connect_2.4GHz,192.168.1.7,DOWN,
2025-11-10 11:38:27,Lawfull_Conect_5GHz,192.168.1.8,DOWN,
2025-11-10 11:38:29,Airtel_Zerotouch,192.168.1.9,DOWN,
2025-11-10 11:38:31,Airtel_Zerotouch_5G,192.168.1.10,DOWN,
2025-11-10 11:38:39,Shakti_2.4GHz,192.168.1.1,UP,3.0
2025-11-10 11:38:41,SHAKTI_5GHz,192.168.1.2,DOWN,
2025-11-10 11:38:43,Air_Shakti_564_5GHz,192.168.1.3,DOWN,
2025-11-10 11:38:45,Air_Shakti_564_2.4GHz,192.168.1.4,DOWN,
2025-11-10 11:38:47,Air_Shakti_501_2.4GHz,192.168.1.5,DOWN,
2025-11-10 11:38:49,Air_Shakti_501_5GHz,192.168.1.6,DOWN,
2025-11-10 11:38:51,Lawful_Connect_2.4GHz,192.168.1.7,DOWN,
2025-11-10 11:38:53,Lawfull_Conect_5GHz,192.168.1.8,DOWN,
2025-11-10 11:38:55,Airtel_Zerotouch,192.168.1.9,DOWN,
2025-11-10 11:38:57,Airtel_Zerotouch_5G,192.168.1.10,DOWN,
2025-11-10 11:39:05,Shakti_2.4GHz,192.168.1.1,UP,5.0
2025-11-10 11:39:07,SHAKTI_5GHz,192.168.1.2,DOWN,
2025-11-10 11:39:09,Air_Shakti_564_5GHz,192.168.1.3,DOWN,
2025-11-10 11:39:11,Air_Shakti_564_2.4GHz,192.168.1.4,DOWN,
2025-11-10 11:39:13,Air_Shakti_501_2.4GHz,192.168.1.5,DOWN,
2025-11-10 11:39:15,Air_Shakti_501_5GHz,192.168.1.6,DOWN,
2025-11-10 11:39:17,Lawful_Connect_2.4GHz,192.168.1.7,DOWN,
2025-11-10 11:39:19,Lawfull_Conect_5GHz,192.168.1.8,DOWN,
2025-11-10 11:39:21,Airtel_Zerotouch,192.168.1.9,DOWN,
2025-11-10 11:39:23,Airtel_Zerotouch_5G,192.168.1.10,DOWN,
2025-11-10 11:39:31,Shakti_2.4GHz,192.168.1.1,UP,7.0
2025-11-10 11:39:33,SHAKTI_5GHz,192.168.1.2,DOWN,
2025-11-10 11:39:35,Air_Shakti_564_5GHz,192.168.1.3,DOWN,
2025-11-10 11:39:37,Air_Shakti_564_2.4GHz,192.168.1.4,DOWN,
2025-11-10 11:39:39,Air_Shakti_501_2.4GHz,192.168.1.5,DOWN,
2025-11-10 11:39:41,Air_Shakti_501_5GHz,192.168.1.6,DOWN,
2025-11-10 11:39:43,Lawful_Connect_2.4GHz,192.168.1.7,DOWN,
2025-11-10 11:39:45,Lawfull_Conect_5GHz,192.168.1.8,DOWN,
2025-11-10 11:39:47,Airtel_Zerotouch,192.168.1.9,DOWN,
2025-11-10 11:39:49,Airtel_Zerotouch_5G,192.168.1.10,DOWN,
2025-11-10 11:39:57,Shakti_2.4GHz,192.168.1.1,UP,1.0
2025-11-10 11:39:59,SHAKTI_5GHz,192.168.1.2,DOWN,
2025-11-10 11:40:01,Air_Shakti_564_5GHz,192.168.1.3,DOWN,
2025-11-10 11:40:03,Air_Shakti_564_2.4GHz,192.168.1.4,DOWN,
2025-11-10 11:40:05,Air_Shakti_501_2.4GHz,192.168.1.5,DOWN,
2025-11-10 11:40:07,Air_Shakti_501_5GHz,192.168.1.6,DOWN,
2025-11-10 11:40:09,Lawful_Connect_2.4GHz,192.168.1.7,DOWN,
2025-11-10 11:40:11,Lawfull_Conect_5GHz,192.168.1.8,DOWN,
2025-11-10 11:40:13,Airtel_Zerotouch,192.168.1.9,DOWN,
2025-11-10 11:40:15,Airtel_Zerotouch_5G,192.168.1.10,DOWN,
2025-11-10 11:40:23,Shakti_2.4GHz,192.168.1.1,UP,14.0
2025-11-10 11:40:25,SHAKTI_5GHz,192.168.1.2,DOWN,
2025-11-10 11:40:27,Air_Shakti_564_5GHz,192.168.1.3,DOWN,
2025-11-10 11:40:29,Air_Shakti_564_2.4GHz,192.168.1.4,DOWN,
2025-11-10 11:40:31,Air_Shakti_501_2.4GHz,192.168.1.5,DOWN,
2025-11-10 11:40:33,Air_Shakti_501_5GHz,192.168.1.6,DOWN,
2025-11-10 11:40:35,Lawful_Connect_2.4GHz,192.168.1.7,DOWN,
2025-11-10 11:40:37,Lawfull_Conect_5GHz,192.168.1.8,DOWN,
2025-11-10 11:40:39,Airtel_Zerotouch,192.168.1.9,DOWN,
2025-11-10 11:40:41,Airtel_Zerotouch_5G,192.168.1.10,DOWN,
2025-11-10 11:40:49,Shakti_2.4GHz,192.168.1.1,UP,1.0
2025-11-10 11:40:51,SHAKTI_5GHz,192.168.1.2,DOWN,
2025-11-10 11:40:53,Air_Shakti_564_5GHz,192.168.1.3,DOWN,
2025-11-10 11:40:55,Air_Shakti_564_2.4GHz,192.168.1.4,DOWN,
2025-11-10 11:40:57,Air_Shakti_501_2.4GHz,192.168.1.5,DOWN,
2025-11-10 11:40:59,Air_Shakti_501_5GHz,192.168.1.6,DOWN,
2025-11-10 11:41:01,Lawful_Connect_2.4GHz,192.168.1.7,DOWN,
2025-11-10 11:41:03,Lawfull_Conect_5GHz,192.168.1.8,DOWN,
2025-11-10 11:41:05,Airtel_Zerotouch,192.168.1.9,DOWN,
2025-11-10 11:41:07,Airtel_Zerotouch_5G,192.168.1.10,DOWN,
2025-11-10 11:41:15,Shakti_2.4GHz,192.168.1.1,UP,29.0
2025-11-10 11:41:17,SHAKTI_5GHz,192.168.1.2,DOWN,
2025-11-10 11:41:19,Air_Shakti_564_5GHz,192.168.1.3,DOWN,
2025-11-10 11:41:21,Air_Shakti_564_2.4GHz,192.168.1.4,DOWN,
2025-11-10 11:41:23,Air_Shakti_501_2.4GHz,192.168.1.5,DOWN,
2025-11-10 11:41:25,Air_Shakti_501_5GHz,192.168.1.6,DOWN,
2025-11-10 11:41:27,Lawful_Connect_2.4GHz,192.168.1.7,DOWN,
2025-11-10 11:41:29,Lawfull_Conect_5GHz,192.168.1.8,DOWN,
2025-11-10 11:41:31,Airtel_Zerotouch,192.168.1.9,DOWN,
2025-11-10 11:41:33,Airtel_Zerotouch_5G,192.168.1.10,DOWN,
2025-11-10 11:41:41,Shakti_2.4GHz,192.168.1.1,UP,1.0
2025-11-10 11:41:43,SHAKTI_5GHz,192.168.1.2,DOWN,
2025-11-10 11:41:45,Air_Shakti_564_5GHz,192.168.1.3,DOWN,
2025-11-10 11:41:47,Air_Shakti_564_2.4GHz,192.168.1.4,DOWN,
2025-11-10 11:41:49,Air_Shakti_501_2.4GHz,192.168.1.5,DOWN,
2025-11-10 11:41:51,Air_Shakti_501_5GHz,192.168.1.6,DOWN,
2025-11-10 11:41:53,Lawful_Connect_2.4GHz,192.168.1.7,DOWN,
2025-11-10 11:41:55,Lawfull_Conect_5GHz,192.168.1.8,DOWN,
2025-11-10 11:41:57,Airtel_Zerotouch,192.168.1.9,DOWN,
2025-11-10 11:41:59,Airtel_Zerotouch_5G,192.168.1.10,DOWN,
2025-11-10 11:42:07,Shakti_2.4GHz,192.168.1.1,UP,5.0
2025-11-10 11:42:09,SHAKTI_5GHz,192.168.1.2,DOWN,
2025-11-10 11:42:11,Air_Shakti_564_5GHz,192.168.1.3,DOWN,
2025-11-10 11:42:13,Air_Shakti_564_2.4GHz,192.168.1.4,DOWN,
2025-11-10 11:42:15,Air_Shakti_501_2.4GHz,192.168.1.5,DOWN,
2025-11-10 11:42:17,Air_Shakti_501_5GHz,192.168.1.6,DOWN,
2025-11-10 11:42:19,Lawful_Connect_2.4GHz,192.168.1.7,DOWN,
2025-11-10 11:42:21,Lawfull_Conect_5GHz,192.168.1.8,DOWN,
2025-11-10 11:42:23,Airtel_Zerotouch,192.168.1.9,DOWN,
2025-11-10 11:42:25,Airtel_Zerotouch_5G,192.168.1.10,DOWN,
2025-11-10 11:42:33,Shakti_2.4GHz,192.168.1.1,UP,1.0
2025-11-10 11:42:35,SHAKTI_5GHz,192.168.1.2,DOWN,
2025-11-10 11:42:37,Air_Shakti_564_5GHz,192.168.1.3,DOWN,
2025-11-10 11:42:39,Air_Shakti_564_2.4GHz,192.168.1.4,DOWN,
2025-11-10 11:42:41,Air_Shakti_501_2.4GHz,192.168.1.5,DOWN,
2025-11-10 11:42:43,Air_Shakti_501_5GHz,192.168.1.6,DOWN,
2025-11-10 11:42:45,Lawful_Connect_2.4GHz,192.168.1.7,DOWN,
2025-11-10 11:42:47,Lawfull_Conect_5GHz,192.168.1.8,DOWN,
2025-11-10 11:42:49,Airtel_Zerotouch,192.168.1.9,DOWN,
2025-11-10 11:42:51,Airtel_Zerotouch_5G,192.168.1.10,DOWN,
2025-11-10 11:42:59,Shakti_2.4GHz,192.168.1.1,UP,5.0
2025-11-10 11:43:01,SHAKTI_5GHz,192.168.1.2,DOWN,
2025-11-10 11:43:03,Air_Shakti_564_5GHz,192.168.1.3,DOWN,
2025-11-10 11:43:05,Air_Shakti_564_2.4GHz,192.168.1.4,DOWN,
2025-11-10 11:43:07,Air_Shakti_501_2.4GHz,192.168.1.5,DOWN,
2025-11-10 11:43:09,Air_Shakti_501_5GHz,192.168.1.6,DOWN,
2025-11-10 11:43:11,Lawful_Connect_2.4GHz,192.168.1.7,DOWN,
2025-11-10 11:43:13,Lawfull_Conect_5GHz,192.168.1.8,DOWN,
2025-11-10 11:43:15,Airtel_Zerotouch,192.168.1.9,DOWN,
2025-11-10 11:43:17,Airtel_Zerotouch_5G,192.168.1.10,DOWN,
2025-11-10 11:43:25,Shakti_2.4GHz,192.168.1.1,UP,6.0
2025-11-10 11:43:27,SHAKTI_5GHz,192.168.1.2,DOWN,
2025-11-10 11:43:29,Air_Shakti_564_5GHz,192.168.1.3,DOWN,
2025-11-10 11:43:31,Air_Shakti_564_2.4GHz,192.168.1.4,DOWN,
2025-11-10 11:43:33,Air_Shakti_501_2.4GHz,192.168.1.5,DOWN,
2025-11-10 11:43:35,Air_Shakti_501_5GHz,192.168.1.6,DOWN,
2025-11-10 11:43:37,Lawful_Connect_2.4GHz,192.168.1.7,DOWN,
2025-11-10 11:43:39,Lawfull_Conect_5GHz,192.168.1.8,DOWN,
2025-11-10 11:43:41,Airtel_Zerotouch,192.168.1.9,DOWN,
2025-11-10 11:43:43,Airtel_Zerotouch_5G,192.168.1.10,DOWN,
2025-11-10 11:43:51,Shakti_2.4GHz,192.168.1.1,UP,1.0
2025-11-10 11:43:53,SHAKTI_5GHz,192.168.1.2,DOWN,
2025-11-10 11:43:55,Air_Shakti_564_5GHz,192.168.1.3,DOWN,
2025-11-10 11:43:57,Air_Shakti_564_2.4GHz,192.168.1.4,DOWN,
2025-11-10 11:43:59,Air_Shakti_501_2.4GHz,192.168.1.5,DOWN,
2025-11-10 11:44:01,Air_Shakti_501_5GHz,192.168.1.6,DOWN,
2025-11-10 11:44:03,Lawful_Connect_2.4GHz,192.168.1.7,DOWN,
2025-11-10 11:44:05,Lawfull_Conect_5GHz,192.168.1.8,DOWN,
2025-11-10 11:44:07,Airtel_Zerotouch,192.168.1.9,DOWN,
2025-11-10 11:44:09,Airtel_Zerotouch_5G,192.168.1.10,DOWN,
2025-11-10 11:44:17,Shakti_2.4GHz,192.168.1.1,UP,1.0
2025-11-10 11:44:19,SHAKTI_5GHz,192.168.1.2,DOWN,
2025-11-10 11:44:21,Air_Shakti_564_5GHz,192.168.1.3,DOWN,
2025-11-10 11:44:23,Air_Shakti_564_2.4GHz,192.168.1.4,DOWN,
2025-11-10 11:44:25,Air_Shakti_501_2.4GHz,192.168.1.5,DOWN,
2025-11-10 11:44:27,Air_Shakti_501_5GHz,192.168.1.6,DOWN,
2025-11-10 11:44:29,Lawful_Connect_2.4GHz,192.168.1.7,DOWN,
2025-11-10 11:44:31,Lawfull_Conect_5GHz,192.168.1.8,DOWN,
2025-11-10 11:44:33,Airtel_Zerotouch,192.168.1.9,DOWN,
2025-11-10 11:44:35,Airtel_Zerotouch_5G,192.168.1.10,DOWN,
2025-11-10 11:44:43,Shakti_2.4GHz,192.168.1.1,DOWN,
2025-11-10 11:44:45,SHAKTI_5GHz,192.168.1.2,DOWN,
2025-11-10 11:44:47,Air_Shakti_564_5GHz,192.168.1.3,DOWN,
2025-11-10 11:44:49,Air_Shakti_564_2.4GHz,192.168.1.4,DOWN,
2025-11-10 11:44:51,Air_Shakti_501_2.4GHz,192.168.1.5,DOWN,
2025-11-10 11:44:53,Air_Shakti_501_5GHz,192.168.1.6,DOWN,
2025-11-10 11:44:55,Lawful_Connect_2.4GHz,192.168.1.7,DOWN,
2025-11-10 11:44:57,Lawfull_Conect_5GHz,192.168.1.8,DOWN,
2025-11-10 11:44:59,Airtel_Zerotouch,192.168.1.9,DOWN,
2025-11-10 11:45:01,Airtel_Zerotouch_5G,192.168.1.10,DOWN,
2025-11-10 11:45:10,Shakti_2.4GHz,192.168.1.1,UP,
2025-11-10 11:45:12,SHAKTI_5GHz,192.168.1.2,DOWN,
2025-11-10 11:45:14,Air_Shakti_564_5GHz,192.168.1.3,DOWN,
2025-11-10 11:45:16,Air_Shakti_564_2.4GHz,192.168.1.4,DOWN,
2025-11-10 11:45:18,Air_Shakti_501_2.4GHz,192.168.1.5,DOWN,
2025-11-10 11:45:20,Air_Shakti_501_5GHz,192.168.1.6,DOWN,
2025-11-10 11:45:22,Lawful_Connect_2.4GHz,192.168.1.7,DOWN,
2025-11-10 11:45:24,Lawfull_Conect_5GHz,192.168.1.8,DOWN,
2025-11-10 11:45:26,Airtel_Zerotouch,192.168.1.9,DOWN,
2025-11-10 11:45:28,Airtel_Zerotouch_5G,192.168.1.10,DOWN,
2025-11-10 11:45:38,Shakti_2.4GHz,192.168.1.1,DOWN,
2025-11-10 11:45:40,SHAKTI_5GHz,192.168.1.2,DOWN,
2025-11-10 11:45:42,Air_Shakti_564_5GHz,192.168.1.3,DOWN,
2025-11-10 11:45:44,Air_Shakti_564_2.4GHz,192.168.1.4,DOWN,
2025-11-10 11:45:46,Air_Shakti_501_2.4GHz,192.168.1.5,DOWN,
2025-11-10 11:45:48,Air_Shakti_501_5GHz,192.168.1.6,DOWN,
2025-11-10 11:45:50,Lawful_Connect_2.4GHz,192.168.1.7,DOWN,
2025-11-10 11:45:52,Lawfull_Conect_5GHz,192.168.1.8,DOWN,
2025-11-10 11:45:54,Airtel_Zerotouch,192.168.1.9,DOWN,
2025-11-10 11:45:56,Airtel_Zerotouch_5G,192.168.1.10,DOWN,
2025-11-10 11:46:06,Shakti_2.4GHz,192.168.1.1,DOWN,
2025-11-10 11:46:08,SHAKTI_5GHz,192.168.1.2,DOWN,
2025-11-10 11:46:10,Air_Shakti_564_5GHz,192.168.1.3,DOWN,
2025-11-10 11:46:12,Air_Shakti_564_2.4GHz,192.168.1.4,DOWN,
2025-11-10 11:46:14,Air_Shakti_501_2.4GHz,192.168.1.5,DOWN,
2025-11-10 11:46:16,Air_Shakti_501_5GHz,192.168.1.6,DOWN,
2025-11-10 11:46:18,Lawful_Connect_2.4GHz,192.168.1.7,DOWN,
2025-11-10 11:46:20,Lawfull_Conect_5GHz,192.168.1.8,DOWN,
2025-11-10 11:46:22,Airtel_Zerotouch,192.168.1.9,DOWN,
2025-11-10 11:46:24,Airtel_Zerotouch_5G,192.168.1.10,DOWN,
2025-11-10 11:46:34,Shakti_2.4GHz,192.168.1.1,DOWN,
2025-11-10 11:46:36,SHAKTI_5GHz,192.168.1.2,DOWN,
2025-11-10 11:46:38,Air_Shakti_564_5GHz,192.168.1.3,DOWN,
2025-11-10 11:46:40,Air_Shakti_564_2.4GHz,192.168.1.4,DOWN,
2025-11-10 11:46:42,Air_Shakti_501_2.4GHz,192.168.1.5,DOWN,
2025-11-10 11:46:44,Air_Shakti_501_5GHz,192.168.1.6,DOWN,
2025-11-10 11:46:46,Lawful_Connect_2.4GHz,192.168.1.7,DOWN,
2025-11-10 11:46:48,Lawfull_Conect_5GHz,192.168.1.8,DOWN,
2025-11-10 11:46:50,Airtel_Zerotouch,192.168.1.9,DOWN,
2025-11-10 11:46:52,Airtel_Zerotouch_5G,192.168.1.10,DOWN,
2025-11-10 11:47:02,Shakti_2.4GHz,192.168.1.1,DOWN,
2025-11-10 11:47:04,SHAKTI_5GHz,192.168.1.2,DOWN,
2025-11-10 11:47:06,Air_Shakti_564_5GHz,192.168.1.3,DOWN,
2025-11-10 11:47:08,Air_Shakti_564_2.4GHz,192.168.1.4,DOWN,
2025-11-10 11:47:10,Air_Shakti_501_2.4GHz,192.168.1.5,DOWN,
2025-11-10 11:47:12,Air_Shakti_501_5GHz,192.168.1.6,DOWN,
2025-11-10 11:47:14,Lawful_Connect_2.4GHz,192.168.1.7,DOWN,
2025-11-10 11:47:16,Lawfull_Conect_5GHz,192.168.1.8,DOWN,
2025-11-10 11:47:18,Airtel_Zerotouch,192.168.1.9,DOWN,
2025-11-10 11:47:20,Airtel_Zerotouch_5G,192.168.1.10,DOWN,
2025-11-10 11:47:30,Shakti_2.4GHz,192.168.1.1,DOWN,
2025-11-10 11:47:32,SHAKTI_5GHz,192.168.1.2,DOWN,
2025-11-10 11:47:34,Air_Shakti_564_5GHz,192.168.1.3,DOWN,
2025-11-10 11:47:36,Air_Shakti_564_2.4GHz,192.168.1.4,DOWN,
2025-11-10 11:47:38,Air_Shakti_501_2.4GHz,192.168.1.5,DOWN,
2025-11-10 11:47:40,Air_Shakti_501_5GHz,192.168.1.6,DOWN,
2025-11-10 11:47:42,Lawful_Connect_2.4GHz,192.168.1.7,DOWN,
2025-11-10 11:47:44,Lawfull_Conect_5GHz,192.168.1.8,DOWN,
2025-11-10 11:47:46,Airtel_Zerotouch,192.168.1.9,DOWN,
2025-11-10 11:47:48,Airtel_Zerotouch_5G,192.168.1.10,DOWN,
2025-11-10 11:47:58,Shakti_2.4GHz,192.168.1.1,DOWN,
2025-11-10 11:48:00,SHAKTI_5GHz,192.168.1.2,DOWN,
2025-11-10 11:48:02,Air_Shakti_564_5GHz,192.168.1.3,DOWN,
2025-11-10 11:48:04,Air_Shakti_564_2.4GHz,192.168.1.4,DOWN,
2025-11-10 11:48:06,Air_Shakti_501_2.4GHz,192.168.1.5,DOWN,
2025-11-10 11:48:08,Air_Shakti_501_5GHz,192.168.1.6,DOWN,
2025-11-10 11:48:10,Lawful_Connect_2.4GHz,192.168.1.7,DOWN,
2025-11-10 11:48:12,Lawfull_Conect_5GHz,192.168.1.8,DOWN,
2025-11-10 11:48:14,Airtel_Zerotouch,192.168.1.9,DOWN,
2025-11-10 11:48:16,Airtel_Zerotouch_5G,192.168.1.10,DOWN,
2025-11-10 11:48:25,Shakti_2.4GHz,192.168.1.1,UP,
2025-11-10 11:48:27,SHAKTI_5GHz,192.168.1.2,DOWN,
2025-11-10 11:48:29,Air_Shakti_564_5GHz,192.168.1.3,DOWN,
2025-11-10 11:48:31,Air_Shakti_564_2.4GHz,192.168.1.4,DOWN,
2025-11-10 11:48:33,Air_Shakti_501_2.4GHz,192.168.1.5,DOWN,
2025-11-10 11:48:35,Air_Shakti_501_5GHz,192.168.1.6,DOWN,
2025-11-10 11:48:37,Lawful_Connect_2.4GHz,192.168.1.7,DOWN,
2025-11-10 11:48:39,Lawfull_Conect_5GHz,192.168.1.8,DOWN,
2025-11-10 11:48:41,Airtel_Zerotouch,192.168.1.9,DOWN,
2025-11-10 11:48:43,Airtel_Zerotouch_5G,192.168.1.10,DOWN,
2025-11-10 11:48:53,Shakti_2.4GHz,192.168.1.1,DOWN,
2025-11-10 11:48:55,SHAKTI_5GHz,192.168.1.2,DOWN,
2025-11-10 11:48:57,Air_Shakti_564_5GHz,192.168.1.3,DOWN,
2025-11-10 11:48:59,Air_Shakti_564_2.4GHz,192.168.1.4,DOWN,
2025-11-10 11:49:01,Air_Shakti_501_2.4GHz,192.168.1.5,DOWN,
2025-11-10 11:49:03,Air_Shakti_501_5GHz,192.168.1.6,DOWN,
2025-11-10 11:49:05,Lawful_Connect_2.4GHz,192.168.1.7,DOWN,
2025-11-10 11:49:07,Lawfull_Conect_5GHz,192.168.1.8,DOWN,
2025-11-10 11:49:09,Airtel_Zerotouch,192.168.1.9,DOWN,
2025-11-10 11:49:11,Airtel_Zerotouch_5G,192.168.1.10,DOWN,
2025-11-10 11:49:21,Shakti_2.4GHz,192.168.1.1,DOWN,
2025-11-10 11:49:23,SHAKTI_5GHz,192.168.1.2,DOWN,
2025-11-10 11:49:25,Air_Shakti_564_5GHz,192.168.1.3,DOWN,
2025-11-10 11:49:27,Air_Shakti_564_2.4GHz,192.168.1.4,DOWN,
2025-11-10 11:49:29,Air_Shakti_501_2.4GHz,192.168.1.5,DOWN,
2025-11-10 11:49:31,Air_Shakti_501_5GHz,192.168.1.6,DOWN,
2025-11-10 11:49:33,Lawful_Connect_2.4GHz,192.168.1.7,DOWN,
2025-11-10 11:49:35,Lawfull_Conect_5GHz,192.168.1.8,DOWN,
2025-11-10 11:49:37,Airtel_Zerotouch,192.168.1.9,DOWN,
2025-11-10 11:49:39,Airtel_Zerotouch_5G,192.168.1.10,DOWN,
2025-11-10 11:49:49,Shakti_2.4GHz,192.168.1.1,DOWN,
2025-11-10 11:49:51,SHAKTI_5GHz,192.168.1.2,DOWN,
2025-11-10 11:49:53,Air_Shakti_564_5GHz,192.168.1.3,DOWN,
2025-11-10 11:49:55,Air_Shakti_564_2.4GHz,192.168.1.4,DOWN,
2025-11-10 11:49:57,Air_Shakti_501_2.4GHz,192.168.1.5,DOWN,
2025-11-10 11:49:59,Air_Shakti_501_5GHz,192.168.1.6,DOWN,
2025-11-10 11:50:01,Lawful_Connect_2.4GHz,192.168.1.7,DOWN,
2025-11-10 11:50:03,Lawfull_Conect_5GHz,192.168.1.8,DOWN,
2025-11-10 11:50:05,Airtel_Zerotouch,192.168.1.9,DOWN,
2025-11-10 11:50:07,Airtel_Zerotouch_5G,192.168.1.10,DOWN,
2025-11-10 11:50:17,Shakti_2.4GHz,192.168.1.1,DOWN,
2025-11-10 11:50:19,SHAKTI_5GHz,192.168.1.2,DOWN,
2025-11-10 11:50:21,Air_Shakti_564_5GHz,192.168.1.3,DOWN,
2025-11-10 11:50:23,Air_Shakti_564_2.4GHz,192.168.1.4,DOWN,
2025-11-10 11:50:25,Air_Shakti_501_2.4GHz,192.168.1.5,DOWN,
2025-11-10 11:50:27,Air_Shakti_501_5GHz,192.168.1.6,DOWN,
2025-11-10 11:50:29,Lawful_Connect_2.4GHz,192.168.1.7,DOWN,
2025-11-10 11:50:31,Lawfull_Conect_5GHz,192.168.1.8,DOWN,
2025-11-10 11:50:33,Airtel_Zerotouch,192.168.1.9,DOWN,
2025-11-10 11:50:35,Airtel_Zerotouch_5G,192.168.1.10,DOWN,
2025-11-10 11:50:45,Shakti_2.4GHz,192.168.1.1,DOWN,
2025-11-10 11:50:47,SHAKTI_5GHz,192.168.1.2,DOWN,
2025-11-10 11:50:49,Air_Shakti_564_5GHz,192.168.1.3,DOWN,
2025-11-10 11:50:51,Air_Shakti_564_2.4GHz,192.168.1.4,DOWN,
2025-11-10 11:50:53,Air_Shakti_501_2.4GHz,192.168.1.5,DOWN,
2025-11-10 11:50:55,Air_Shakti_501_5GHz,192.168.1.6,DOWN,
2025-11-10 11:50:57,Lawful_Connect_2.4GHz,192.168.1.7,DOWN,
2025-11-10 11:50:59,Lawfull_Conect_5GHz,192.168.1.8,DOWN,
2025-11-10 11:51:01,Airtel_Zerotouch,192.168.1.9,DOWN,
2025-11-10 11:51:03,Airtel_Zerotouch_5G,192.168.1.10,DOWN,
2025-11-10 11:51:13,Shakti_2.4GHz,192.168.1.1,DOWN,
2025-11-10 11:51:15,SHAKTI_5GHz,192.168.1.2,DOWN,
2025-11-10 11:51:17,Air_Shakti_564_5GHz,192.168.1.3,DOWN,
2025-11-10 11:51:19,Air_Shakti_564_2.4GHz,192.168.1.4,DOWN,
2025-11-10 11:51:21,Air_Shakti_501_2.4GHz,192.168.1.5,DOWN,
2025-11-10 11:51:23,Air_Shakti_501_5GHz,192.168.1.6,DOWN,
2025-11-10 11:51:25,Lawful_Connect_2.4GHz,192.168.1.7,DOWN,
2025-11-10 11:51:27,Lawfull_Conect_5GHz,192.168.1.8,DOWN,
2025-11-10 11:51:29,Airtel_Zerotouch,192.168.1.9,DOWN,
2025-11-10 11:51:31,Airtel_Zerotouch_5G,192.168.1.10,DOWN,
2025-11-10 11:51:41,Shakti_2.4GHz,192.168.1.1,DOWN,
2025-11-10 11:51:43,SHAKTI_5GHz,192.168.1.2,DOWN,
2025-11-10 11:51:45,Air_Shakti_564_5GHz,192.168.1.3,DOWN,
2025-11-10 11:51:47,Air_Shakti_564_2.4GHz,192.168.1.4,DOWN,
2025-11-10 11:51:49,Air_Shakti_501_2.4GHz,192.168.1.5,DOWN,
2025-11-10 11:51:51,Air_Shakti_501_5GHz,192.168.1.6,DOWN,
2025-11-10 11:51:53,Lawful_Connect_2.4GHz,192.168.1.7,DOWN,
2025-11-10 11:51:55,Lawfull_Conect_5GHz,192.168.1.8,DOWN,
2025-11-10 11:51:57,Airtel_Zerotouch,192.168.1.9,DOWN,
2025-11-10 11:51:59,Airtel_Zerotouch_5G,192.168.1.10,DOWN,
2025-11-10 11:52:09,Shakti_2.4GHz,192.168.1.1,DOWN,
2025-11-10 11:52:11,SHAKTI_5GHz,192.168.1.2,DOWN,
2025-11-10 11:52:13,Air_Shakti_564_5GHz,192.168.1.3,DOWN,
2025-11-10 11:52:15,Air_Shakti_564_2.4GHz,192.168.1.4,DOWN,
2025-11-10 11:52:17,Air_Shakti_501_2.4GHz,192.168.1.5,DOWN,
2025-11-10 11:52:19,Air_Shakti_501_5GHz,192.168.1.6,DOWN,
2025-11-10 11:52:21,Lawful_Connect_2.4GHz,192.168.1.7,DOWN,
2025-11-10 11:52:23,Lawfull_Conect_5GHz,192.168.1.8,DOWN,
2025-11-10 11:52:25,Airtel_Zerotouch,192.168.1.9,DOWN,
2025-11-10 11:52:27,Airtel_Zerotouch_5G,192.168.1.10,DOWN,
2025-11-10 11:52:37,Shakti_2.4GHz,192.168.1.1,DOWN,
2025-11-10 11:52:39,SHAKTI_5GHz,192.168.1.2,DOWN,
2025-11-10 11:52:41,Air_Shakti_564_5GHz,192.168.1.3,DOWN,
2025-11-10 11:52:43,Air_Shakti_564_2.4GHz,192.168.1.4,DOWN,
2025-11-10 11:52:45,Air_Shakti_501_2.4GHz,192.168.1.5,DOWN,
2025-11-10 11:52:47,Air_Shakti_501_5GHz,192.168.1.6,DOWN,
2025-11-10 11:52:49,Lawful_Connect_2.4GHz,192.168.1.7,DOWN,
2025-11-10 11:52:51,Lawfull_Conect_5GHz,192.168.1.8,DOWN,
2025-11-10 11:52:53,Airtel_Zerotouch,192.168.1.9,DOWN,
2025-11-10 11:52:55,Airtel_Zerotouch_5G,192.168.1.10,DOWN,
2025-11-10 11:53:08,Shakti_2.4GHz,192.168.1.1,DOWN,
2025-11-10 11:53:10,SHAKTI_5GHz,192.168.1.2,DOWN,
2025-11-10 11:53:12,Air_Shakti_564_5GHz,192.168.1.3,DOWN,
2025-11-10 11:53:14,Air_Shakti_564_2.4GHz,192.168.1.4,DOWN,
2025-11-10 11:53:16,Air_Shakti_501_2.4GHz,192.168.1.5,DOWN,
2025-11-10 11:53:18,Air_Shakti_501_5GHz,192.168.1.6,DOWN,
2025-11-10 11:53:20,Lawful_Connect_2.4GHz,192.168.1.7,DOWN,
2025-11-10 11:53:22,Lawfull_Conect_5GHz,192.168.1.8,DOWN,
2025-11-10 11:53:24,Airtel_Zerotouch,192.168.1.9,DOWN,
2025-11-10 11:53:26,Airtel_Zerotouch_5G,192.168.1.10,DOWN,
2025-11-10 11:53:36,Shakti_2.4GHz,192.168.1.1,DOWN,
2025-11-10 11:53:38,SHAKTI_5GHz,192.168.1.2,DOWN,
2025-11-10 11:53:40,Air_Shakti_564_5GHz,192.168.1.3,DOWN,
2025-11-10 11:53:42,Air_Shakti_564_2.4GHz,192.168.1.4,DOWN,
2025-11-10 11:53:44,Air_Shakti_501_2.4GHz,192.168.1.5,DOWN,
2025-11-10 11:53:46,Air_Shakti_501_5GHz,192.168.1.6,DOWN,
2025-11-10 11:53:48,Lawful_Connect_2.4GHz,192.168.1.7,DOWN,
2025-11-10 11:53:50,Lawfull_Conect_5GHz,192.168.1.8,DOWN,
2025-11-10 11:53:52,Airtel_Zerotouch,192.168.1.9,DOWN,
2025-11-10 11:53:54,Airtel_Zerotouch_5G,192.168.1.10,DOWN,
2025-11-10 11:54:04,Shakti_2.4GHz,192.168.1.1,DOWN,
2025-11-10 11:54:06,SHAKTI_5GHz,192.168.1.2,DOWN,
2025-11-10 11:54:08,Air_Shakti_564_5GHz,192.168.1.3,DOWN,
2025-11-10 11:54:10,Air_Shakti_564_2.4GHz,192.168.1.4,DOWN,
2025-11-10 11:54:12,Air_Shakti_501_2.4GHz,192.168.1.5,DOWN,
2025-11-10 11:54:14,Air_Shakti_501_5GHz,192.168.1.6,DOWN,
2025-11-10 11:54:16,Lawful_Connect_2.4GHz,192.168.1.7,DOWN,
2025-11-10 11:54:18,Lawfull_Conect_5GHz,192.168.1.8,DOWN,
2025-11-10 11:54:20,Airtel_Zerotouch,192.168.1.9,DOWN,
2025-11-10 11:54:22,Airtel_Zerotouch_5G,192.168.1.10,DOWN,
2025-11-10 11:54:32,Shakti_2.4GHz,192.168.1.1,DOWN,
2025-11-10 11:54:34,SHAKTI_5GHz,192.168.1.2,DOWN,
2025-11-10 11:54:36,Air_Shakti_564_5GHz,192.168.1.3,DOWN,
2025-11-10 11:54:38,Air_Shakti_564_2.4GHz,192.168.1.4,DOWN,
2025-11-10 11:54:40,Air_Shakti_501_2.4GHz,192.168.1.5,DOWN,
2025-11-10 11:54:42,Air_Shakti_501_5GHz,192.168.1.6,DOWN,
2025-11-10 11:54:44,Lawful_Connect_2.4GHz,192.168.1.7,DOWN,
2025-11-10 11:54:46,Lawfull_Conect_5GHz,192.168.1.8,DOWN,
2025-11-10 11:54:48,Airtel_Zerotouch,192.168.1.9,DOWN,
2025-11-10 11:54:50,Airtel_Zerotouch_5G,192.168.1.10,DOWN,
2025-11-10 11:55:00,Shakti_2.4GHz,192.168.1.1,DOWN,
2025-11-10 11:55:02,SHAKTI_5GHz,192.168.1.2,DOWN,
2025-11-10 11:55:04,Air_Shakti_564_5GHz,192.168.1.3,DOWN,
2025-11-10 11:55:06,Air_Shakti_564_2.4GHz,192.168.1.4,DOWN,
2025-11-10 11:55:08,Air_Shakti_501_2.4GHz,192.168.1.5,DOWN,
2025-11-10 11:55:10,Air_Shakti_501_5GHz,192.168.1.6,DOWN,
2025-11-10 11:55:12,Lawful_Connect_2.4GHz,192.168.1.7,DOWN,
2025-11-10 11:55:14,Lawfull_Conect_5GHz,192.168.1.8,DOWN,
2025-11-10 11:55:16,Airtel_Zerotouch,192.168.1.9,DOWN,
2025-11-10 11:55:18,Airtel_Zerotouch_5G,192.168.1.10,DOWN,
2025-11-10 11:55:27,Shakti_2.4GHz,192.168.1.1,UP,1.0
2025-11-10 11:55:28,SHAKTI_5GHz,192.168.1.2,DOWN,
2025-11-10 11:55:30,Air_Shakti_564_5GHz,192.168.1.3,DOWN,
2025-11-10 11:55:32,Air_Shakti_564_2.4GHz,192.168.1.4,DOWN,
2025-11-10 11:55:34,Air_Shakti_501_2.4GHz,192.168.1.5,DOWN,
2025-11-10 11:55:36,Air_Shakti_501_5GHz,192.168.1.6,DOWN,
2025-11-10 11:55:38,Lawful_Connect_2.4GHz,192.168.1.7,DOWN,
2025-11-10 11:55:40,Lawfull_Conect_5GHz,192.168.1.8,DOWN,
2025-11-10 11:55:42,Airtel_Zerotouch,192.168.1.9,DOWN,
2025-11-10 11:55:44,Airtel_Zerotouch_5G,192.168.1.10,DOWN,
2025-11-10 11:55:52,Shakti_2.4GHz,192.168.1.1,UP,79.0
2025-11-10 11:55:54,SHAKTI_5GHz,192.168.1.2,DOWN,
2025-11-10 11:55:56,Air_Shakti_564_5GHz,192.168.1.3,DOWN,
2025-11-10 11:55:58,Air_Shakti_564_2.4GHz,192.168.1.4,DOWN,
2025-11-10 11:56:00,Air_Shakti_501_2.4GHz,192.168.1.5,DOWN,
2025-11-10 11:56:02,Air_Shakti_501_5GHz,192.168.1.6,DOWN,
2025-11-10 11:56:04,Lawful_Connect_2.4GHz,192.168.1.7,DOWN,
2025-11-10 11:56:06,Lawfull_Conect_5GHz,192.168.1.8,DOWN,
2025-11-10 11:56:08,Airtel_Zerotouch,192.168.1.9,DOWN,
2025-11-10 11:56:10,Airtel_Zerotouch_5G,192.168.1.10,DOWN,
2025-11-10 11:56:18,Shakti_2.4GHz,192.168.1.1,UP,38.0
2025-11-10 11:56:20,SHAKTI_5GHz,192.168.1.2,DOWN,
2025-11-10 11:56:22,Air_Shakti_564_5GHz,192.168.1.3,DOWN,
2025-11-10 11:56:24,Air_Shakti_564_2.4GHz,192.168.1.4,DOWN,
2025-11-10 11:56:26,Air_Shakti_501_2.4GHz,192.168.1.5,DOWN,
2025-11-10 11:56:28,Air_Shakti_501_5GHz,192.168.1.6,DOWN,
2025-11-10 11:56:30,Lawful_Connect_2.4GHz,192.168.1.7,DOWN,
2025-11-10 11:56:32,Lawfull_Conect_5GHz,192.168.1.8,DOWN,
2025-11-10 11:56:34,Airtel_Zerotouch,192.168.1.9,DOWN,
2025-11-10 11:56:36,Airtel_Zerotouch_5G,192.168.1.10,DOWN,
2025-11-10 11:56:45,Shakti_2.4GHz,192.168.1.1,UP,257.0
2025-11-10 11:56:46,SHAKTI_5GHz,192.168.1.2,DOWN,
2025-11-10 11:56:48,Air_Shakti_564_5GHz,192.168.1.3,DOWN,
2025-11-10 11:56:50,Air_Shakti_564_2.4GHz,192.168.1.4,DOWN,
2025-11-10 11:56:52,Air_Shakti_501_2.4GHz,192.168.1.5,DOWN,
2025-11-10 11:56:54,Air_Shakti_501_5GHz,192.168.1.6,DOWN,
2025-11-10 11:56:56,Lawful_Connect_2.4GHz,192.168.1.7,DOWN,
2025-11-10 11:56:58,Lawfull_Conect_5GHz,192.168.1.8,DOWN,
2025-11-10 11:57:00,Airtel_Zerotouch,192.168.1.9,DOWN,
2025-11-10 11:57:02,Airtel_Zerotouch_5G,192.168.1.10,DOWN,
2025-11-10 11:57:10,Shakti_2.4GHz,192.168.1.1,UP,10.0
2025-11-10 11:57:12,SHAKTI_5GHz,192.168.1.2,DOWN,
2025-11-10 11:57:14,Air_Shakti_564_5GHz,192.168.1.3,DOWN,
2025-11-10 11:57:16,Air_Shakti_564_2.4GHz,192.168.1.4,DOWN,
2025-11-10 11:57:18,Air_Shakti_501_2.4GHz,192.168.1.5,DOWN,
2025-11-10 11:57:20,Air_Shakti_501_5GHz,192.168.1.6,DOWN,
2025-11-10 11:57:22,Lawful_Connect_2.4GHz,192.168.1.7,DOWN,
2025-11-10 11:57:24,Lawfull_Conect_5GHz,192.168.1.8,DOWN,
2025-11-10 11:57:26,Airtel_Zerotouch,192.168.1.9,DOWN,
2025-11-10 11:57:28,Airtel_Zerotouch_5G,192.168.1.10,DOWN,
2025-11-10 11:57:36,Shakti_2.4GHz,192.168.1.1,UP,1.0
2025-11-10 11:57:38,SHAKTI_5GHz,192.168.1.2,DOWN,
2025-11-10 11:57:40,Air_Shakti_564_5GHz,192.168.1.3,DOWN,
2025-11-10 11:57:42,Air_Shakti_564_2.4GHz,192.168.1.4,DOWN,
2025-11-10 11:57:44,Air_Shakti_501_2.4GHz,192.168.1.5,DOWN,
2025-11-10 11:57:46,Air_Shakti_501_5GHz,192.168.1.6,DOWN,
2025-11-10 11:57:48,Lawful_Connect_2.4GHz,192.168.1.7,DOWN,
2025-11-10 11:57:50,Lawfull_Conect_5GHz,192.168.1.8,DOWN,
2025-11-10 11:57:52,Airtel_Zerotouch,192.168.1.9,DOWN,
2025-11-10 11:57:54,Airtel_Zerotouch_5G,192.168.1.10,DOWN,
2025-11-10 11:58:02,Shakti_2.4GHz,192.168.1.1,UP,28.0
2025-11-10 11:58:04,SHAKTI_5GHz,192.168.1.2,DOWN,
2025-11-10 11:58:06,Air_Shakti_564_5GHz,192.168.1.3,DOWN,
2025-11-10 11:58:08,Air_Shakti_564_2.4GHz,192.168.1.4,DOWN,
2025-11-10 11:58:10,Air_Shakti_501_2.4GHz,192.168.1.5,DOWN,
2025-11-10 11:58:12,Air_Shakti_501_5GHz,192.168.1.6,DOWN,
2025-11-10 11:58:14,Lawful_Connect_2.4GHz,192.168.1.7,DOWN,
2025-11-10 11:58:16,Lawfull_Conect_5GHz,192.168.1.8,DOWN,
2025-11-10 11:58:18,Airtel_Zerotouch,192.168.1.9,DOWN,
2025-11-10 11:58:20,Airtel_Zerotouch_5G,192.168.1.10,DOWN,
2025-11-10 11:58:28,Shakti_2.4GHz,192.168.1.1,UP,1.0
2025-11-10 11:58:30,SHAKTI_5GHz,192.168.1.2,DOWN,
2025-11-10 11:58:32,Air_Shakti_564_5GHz,192.168.1.3,DOWN,
2025-11-10 11:58:34,Air_Shakti_564_2.4GHz,192.168.1.4,DOWN,
2025-11-10 11:58:36,Air_Shakti_501_2.4GHz,192.168.1.5,DOWN,
2025-11-10 11:58:38,Air_Shakti_501_5GHz,192.168.1.6,DOWN,
2025-11-10 11:58:40,Lawful_Connect_2.4GHz,192.168.1.7,DOWN,
2025-11-10 11:58:42,Lawfull_Conect_5GHz,192.168.1.8,DOWN,
2025-11-10 11:58:44,Airtel_Zerotouch,192.168.1.9,DOWN,
2025-11-10 11:58:46,Airtel_Zerotouch_5G,192.168.1.10,DOWN,
2025-11-10 11:58:54,Shakti_2.4GHz,192.168.1.1,UP,2.0
2025-11-10 11:58:56,SHAKTI_5GHz,192.168.1.2,DOWN,
2025-11-10 11:58:58,Air_Shakti_564_5GHz,192.168.1.3,DOWN,
2025-11-10 11:59:00,Air_Shakti_564_2.4GHz,192.168.1.4,DOWN,
2025-11-10 11:59:02,Air_Shakti_501_2.4GHz,192.168.1.5,DOWN,
2025-11-10 11:59:04,Air_Shakti_501_5GHz,192.168.1.6,DOWN,
2025-11-10 11:59:06,Lawful_Connect_2.4GHz,192.168.1.7,DOWN,
2025-11-10 11:59:08,Lawfull_Conect_5GHz,192.168.1.8,DOWN,
2025-11-10 11:59:10,Airtel_Zerotouch,192.168.1.9,DOWN,
2025-11-10 11:59:12,Airtel_Zerotouch_5G,192.168.1.10,DOWN,
2025-11-10 11:59:20,Shakti_2.4GHz,192.168.1.1,UP,1.0
2025-11-10 11:59:22,SHAKTI_5GHz,192.168.1.2,DOWN,
2025-11-10 11:59:24,Air_Shakti_564_5GHz,192.168.1.3,DOWN,
2025-11-10 11:59:26,Air_Shakti_564_2.4GHz,192.168.1.4,DOWN,
2025-11-10 11:59:28,Air_Shakti_501_2.4GHz,192.168.1.5,DOWN,
2025-11-10 11:59:30,Air_Shakti_501_5GHz,192.168.1.6,DOWN,
2025-11-10 11:59:32,Lawful_Connect_2.4GHz,192.168.1.7,DOWN,
2025-11-10 11:59:34,Lawfull_Conect_5GHz,192.168.1.8,DOWN,
2025-11-10 11:59:36,Airtel_Zerotouch,192.168.1.9,DOWN,
2025-11-10 11:59:38,Airtel_Zerotouch_5G,192.168.1.10,DOWN,
2025-11-10 11:59:46,Shakti_2.4GHz,192.168.1.1,UP,1.0
2025-11-10 11:59:48,SHAKTI_5GHz,192.168.1.2,DOWN,
2025-11-10 11:59:50,Air_Shakti_564_5GHz,192.168.1.3,DOWN,
2025-11-10 11:59:52,Air_Shakti_564_2.4GHz,192.168.1.4,DOWN,
2025-11-10 11:59:54,Air_Shakti_501_2.4GHz,192.168.1.5,DOWN,
2025-11-10 11:59:56,Air_Shakti_501_5GHz,192.168.1.6,DOWN,
2025-11-10 11:59:59,Lawful_Connect_2.4GHz,192.168.1.7,DOWN,
2025-11-10 12:00:00,Lawfull_Conect_5GHz,192.168.1.8,DOWN,
2025-11-10 12:00:02,Airtel_Zerotouch,192.168.1.9,DOWN,
2025-11-10 12:00:04,Airtel_Zerotouch_5G,192.168.1.10,DOWN,
2025-11-10 12:00:12,Shakti_2.4GHz,192.168.1.1,UP,2.0
2025-11-10 12:00:14,SHAKTI_5GHz,192.168.1.2,DOWN,
2025-11-10 12:00:16,Air_Shakti_564_5GHz,192.168.1.3,DOWN,
2025-11-10 12:00:18,Air_Shakti_564_2.4GHz,192.168.1.4,DOWN,
2025-11-10 12:00:20,Air_Shakti_501_2.4GHz,192.168.1.5,DOWN,
2025-11-10 12:00:22,Air_Shakti_501_5GHz,192.168.1.6,DOWN,
2025-11-10 12:00:24,Lawful_Connect_2.4GHz,192.168.1.7,DOWN,
2025-11-10 12:00:26,Lawfull_Conect_5GHz,192.168.1.8,DOWN,
2025-11-10 12:00:28,Airtel_Zerotouch,192.168.1.9,DOWN,
2025-11-10 12:00:30,Airtel_Zerotouch_5G,192.168.1.10,DOWN,
2025-11-10 12:00:38,Shakti_2.4GHz,192.168.1.1,UP,1.0
2025-11-10 12:00:40,SHAKTI_5GHz,192.168.1.2,DOWN,
2025-11-10 12:00:42,Air_Shakti_564_5GHz,192.168.1.3,DOWN,
2025-11-10 12:00:44,Air_Shakti_564_2.4GHz,192.168.1.4,DOWN,
2025-11-10 12:00:46,Air_Shakti_501_2.4GHz,192.168.1.5,DOWN,
2025-11-10 12:00:48,Air_Shakti_501_5GHz,192.168.1.6,DOWN,
2025-11-10 12:00:50,Lawful_Connect_2.4GHz,192.168.1.7,DOWN,
2025-11-10 12:00:52,Lawfull_Conect_5GHz,192.168.1.8,DOWN,
2025-11-10 12:00:54,Airtel_Zerotouch,192.168.1.9,DOWN,
2025-11-10 12:00:56,Airtel_Zerotouch_5G,192.168.1.10,DOWN,
2025-11-10 12:01:06,Shakti_2.4GHz,192.168.1.1,UP,2.0
2025-11-10 12:01:07,SHAKTI_5GHz,192.168.1.2,DOWN,
2025-11-10 12:01:09,Air_Shakti_564_5GHz,192.168.1.3,DOWN,
2025-11-10 12:01:11,Air_Shakti_564_2.4GHz,192.168.1.4,DOWN,
2025-11-10 12:01:13,Air_Shakti_501_2.4GHz,192.168.1.5,DOWN,
2025-11-10 12:01:15,Air_Shakti_501_5GHz,192.168.1.6,DOWN,
2025-11-10 12:01:17,Lawful_Connect_2.4GHz,192.168.1.7,DOWN,
2025-11-10 12:01:19,Lawfull_Conect_5GHz,192.168.1.8,DOWN,
2025-11-10 12:01:21,Airtel_Zerotouch,192.168.1.9,DOWN,
2025-11-10 12:01:23,Airtel_Zerotouch_5G,192.168.1.10,DOWN,
2025-11-10 12:01:31,Shakti_2.4GHz,192.168.1.1,UP,10.0
2025-11-10 12:01:33,SHAKTI_5GHz,192.168.1.2,DOWN,
2025-11-10 12:01:35,Air_Shakti_564_5GHz,192.168.1.3,DOWN,
2025-11-10 12:01:37,Air_Shakti_564_2.4GHz,192.168.1.4,DOWN,
2025-11-10 12:01:39,Air_Shakti_501_2.4GHz,192.168.1.5,DOWN,
2025-11-10 12:01:41,Air_Shakti_501_5GHz,192.168.1.6,DOWN,
2025-11-10 12:01:43,Lawful_Connect_2.4GHz,192.168.1.7,DOWN,
2025-11-10 12:01:45,Lawfull_Conect_5GHz,192.168.1.8,DOWN,
2025-11-10 12:01:47,Airtel_Zerotouch,192.168.1.9,DOWN,
2025-11-10 12:01:49,Airtel_Zerotouch_5G,192.168.1.10,DOWN,
2025-11-10 12:01:57,Shakti_2.4GHz,192.168.1.1,UP,2.0
2025-11-10 12:01:59,SHAKTI_5GHz,192.168.1.2,DOWN,
2025-11-10 12:02:01,Air_Shakti_564_5GHz,192.168.1.3,DOWN,
2025-11-10 12:02:03,Air_Shakti_564_2.4GHz,192.168.1.4,DOWN,
2025-11-10 12:02:05,Air_Shakti_501_2.4GHz,192.168.1.5,DOWN,
2025-11-10 12:02:07,Air_Shakti_501_5GHz,192.168.1.6,DOWN,
2025-11-10 12:02:09,Lawful_Connect_2.4GHz,192.168.1.7,DOWN,
2025-11-10 12:02:11,Lawfull_Conect_5GHz,192.168.1.8,DOWN,
2025-11-10 12:02:13,Airtel_Zerotouch,192.168.1.9,DOWN,
2025-11-10 12:02:15,Airtel_Zerotouch_5G,192.168.1.10,DOWN,
2025-11-10 12:02:23,Shakti_2.4GHz,192.168.1.1,UP,3.0
2025-11-10 12:02:25,SHAKTI_5GHz,192.168.1.2,DOWN,
2025-11-10 12:02:27,Air_Shakti_564_5GHz,192.168.1.3,DOWN,
2025-11-10 12:02:29,Air_Shakti_564_2.4GHz,192.168.1.4,DOWN,
2025-11-10 12:02:31,Air_Shakti_501_2.4GHz,192.168.1.5,DOWN,
2025-11-10 12:02:33,Air_Shakti_501_5GHz,192.168.1.6,DOWN,
2025-11-10 12:02:35,Lawful_Connect_2.4GHz,192.168.1.7,DOWN,
2025-11-10 12:02:37,Lawfull_Conect_5GHz,192.168.1.8,DOWN,
2025-11-10 12:02:39,Airtel_Zerotouch,192.168.1.9,DOWN,
2025-11-10 12:02:41,Airtel_Zerotouch_5G,192.168.1.10,DOWN,
2025-11-10 12:02:49,Shakti_2.4GHz,192.168.1.1,UP,75.0
2025-11-10 12:02:51,SHAKTI_5GHz,192.168.1.2,DOWN,
2025-11-10 12:02:53,Air_Shakti_564_5GHz,192.168.1.3,DOWN,
2025-11-10 12:02:55,Air_Shakti_564_2.4GHz,192.168.1.4,DOWN,
2025-11-10 12:02:57,Air_Shakti_501_2.4GHz,192.168.1.5,DOWN,
2025-11-10 12:02:59,Air_Shakti_501_5GHz,192.168.1.6,DOWN,
2025-11-10 12:03:01,Lawful_Connect_2.4GHz,192.168.1.7,DOWN,
2025-11-10 12:03:03,Lawfull_Conect_5GHz,192.168.1.8,DOWN,
2025-11-10 12:03:05,Airtel_Zerotouch,192.168.1.9,DOWN,
2025-11-10 12:03:07,Airtel_Zerotouch_5G,192.168.1.10,DOWN,
2025-11-10 12:03:15,Shakti_2.4GHz,192.168.1.1,UP,2.0
2025-11-10 12:03:17,SHAKTI_5GHz,192.168.1.2,DOWN,
2025-11-10 12:03:19,Air_Shakti_564_5GHz,192.168.1.3,DOWN,
2025-11-10 12:03:21,Air_Shakti_564_2.4GHz,192.168.1.4,DOWN,
2025-11-10 12:03:23,Air_Shakti_501_2.4GHz,192.168.1.5,DOWN,
2025-11-10 12:03:25,Air_Shakti_501_5GHz,192.168.1.6,DOWN,
2025-11-10 12:03:27,Lawful_Connect_2.4GHz,192.168.1.7,DOWN,
2025-11-10 12:03:29,Lawfull_Conect_5GHz,192.168.1.8,DOWN,
2025-11-10 12:03:31,Airtel_Zerotouch,192.168.1.9,DOWN,
2025-11-10 12:03:33,Airtel_Zerotouch_5G,192.168.1.10,DOWN,
2025-11-10 12:03:42,Shakti_2.4GHz,192.168.1.1,UP,6.0
2025-11-10 12:03:43,SHAKTI_5GHz,192.168.1.2,DOWN,
2025-11-10 12:03:45,Air_Shakti_564_5GHz,192.168.1.3,DOWN,
2025-11-10 12:03:47,Air_Shakti_564_2.4GHz,192.168.1.4,DOWN,
2025-11-10 12:03:49,Air_Shakti_501_2.4GHz,192.168.1.5,DOWN,
2025-11-10 12:03:51,Air_Shakti_501_5GHz,192.168.1.6,DOWN,
2025-11-10 12:03:53,Lawful_Connect_2.4GHz,192.168.1.7,DOWN,
2025-11-10 12:03:55,Lawfull_Conect_5GHz,192.168.1.8,DOWN,
2025-11-10 12:03:57,Airtel_Zerotouch,192.168.1.9,DOWN,
2025-11-10 12:03:59,Airtel_Zerotouch_5G,192.168.1.10,DOWN,
2025-11-10 12:04:07,Shakti_2.4GHz,192.168.1.1,UP,4.0
2025-11-10 12:04:09,SHAKTI_5GHz,192.168.1.2,DOWN,
2025-11-10 12:04:11,Air_Shakti_564_5GHz,192.168.1.3,DOWN,
2025-11-10 12:04:13,Air_Shakti_564_2.4GHz,192.168.1.4,DOWN,
2025-11-10 12:04:15,Air_Shakti_501_2.4GHz,192.168.1.5,DOWN,
2025-11-10 12:04:17,Air_Shakti_501_5GHz,192.168.1.6,DOWN,
2025-11-10 12:04:19,Lawful_Connect_2.4GHz,192.168.1.7,DOWN,
2025-11-10 12:04:21,Lawfull_Conect_5GHz,192.168.1.8,DOWN,
2025-11-10 12:04:23,Airtel_Zerotouch,192.168.1.9,DOWN,
2025-11-10 12:04:25,Airtel_Zerotouch_5G,192.168.1.10,DOWN,
2025-11-10 12:04:33,Shakti_2.4GHz,192.168.1.1,UP,6.0
2025-11-10 12:04:35,SHAKTI_5GHz,192.168.1.2,DOWN,
2025-11-10 12:04:37,Air_Shakti_564_5GHz,192.168.1.3,DOWN,
2025-11-10 12:04:39,Air_Shakti_564_2.4GHz,192.168.1.4,DOWN,
2025-11-10 12:04:41,Air_Shakti_501_2.4GHz,192.168.1.5,DOWN,
2025-11-10 12:04:43,Air_Shakti_501_5GHz,192.168.1.6,DOWN,
2025-11-10 12:04:45,Lawful_Connect_2.4GHz,192.168.1.7,DOWN,
2025-11-10 12:04:47,Lawfull_Conect_5GHz,192.168.1.8,DOWN,
2025-11-10 12:04:49,Airtel_Zerotouch,192.168.1.9,DOWN,
2025-11-10 12:04:51,Airtel_Zerotouch_5G,192.168.1.10,DOWN,
2025-11-10 12:04:59,Shakti_2.4GHz,192.168.1.1,UP,1.0
2025-11-10 12:05:01,SHAKTI_5GHz,192.168.1.2,DOWN,
2025-11-10 12:05:03,Air_Shakti_564_5GHz,192.168.1.3,DOWN,
2025-11-10 12:05:05,Air_Shakti_564_2.4GHz,192.168.1.4,DOWN,
2025-11-10 12:05:07,Air_Shakti_501_2.4GHz,192.168.1.5,DOWN,
2025-11-10 12:05:09,Air_Shakti_501_5GHz,192.168.1.6,DOWN,
2025-11-10 12:05:11,Lawful_Connect_2.4GHz,192.168.1.7,DOWN,
2025-11-10 12:05:13,Lawfull_Conect_5GHz,192.168.1.8,DOWN,
2025-11-10 12:05:15,Airtel_Zerotouch,192.168.1.9,DOWN,
2025-11-10 12:05:17,Airtel_Zerotouch_5G,192.168.1.10,DOWN,
2025-11-10 12:05:25,Shakti_2.4GHz,192.168.1.1,UP,3.0
2025-11-10 12:05:27,SHAKTI_5GHz,192.168.1.2,DOWN,
2025-11-10 12:05:29,Air_Shakti_564_5GHz,192.168.1.3,DOWN,
2025-11-10 12:05:31,Air_Shakti_564_2.4GHz,192.168.1.4,DOWN,
2025-11-10 12:05:33,Air_Shakti_501_2.4GHz,192.168.1.5,DOWN,
2025-11-10 12:05:35,Air_Shakti_501_5GHz,192.168.1.6,DOWN,
2025-11-10 12:05:37,Lawful_Connect_2.4GHz,192.168.1.7,DOWN,
2025-11-10 12:05:39,Lawfull_Conect_5GHz,192.168.1.8,DOWN,
2025-11-10 12:05:41,Airtel_Zerotouch,192.168.1.9,DOWN,
2025-11-10 12:05:43,Airtel_Zerotouch_5G,192.168.1.10,DOWN,
2025-11-10 12:05:51,Shakti_2.4GHz,192.168.1.1,UP,1.0
2025-11-10 12:05:53,SHAKTI_5GHz,192.168.1.2,DOWN,
2025-11-10 12:05:55,Air_Shakti_564_5GHz,192.168.1.3,DOWN,
2025-11-10 12:05:57,Air_Shakti_564_2.4GHz,192.168.1.4,DOWN,
2025-11-10 12:05:59,Air_Shakti_501_2.4GHz,192.168.1.5,DOWN,
2025-11-10 12:06:01,Air_Shakti_501_5GHz,192.168.1.6,DOWN,
2025-11-10 12:06:03,Lawful_Connect_2.4GHz,192.168.1.7,DOWN,
2025-11-10 12:06:05,Lawfull_Conect_5GHz,192.168.1.8,DOWN,
2025-11-10 12:06:07,Airtel_Zerotouch,192.168.1.9,DOWN,
2025-11-10 12:06:09,Airtel_Zerotouch_5G,192.168.1.10,DOWN,
2025-11-10 12:06:17,Shakti_2.4GHz,192.168.1.1,UP,1.0
2025-11-10 12:06:19,SHAKTI_5GHz,192.168.1.2,DOWN,
2025-11-10 12:06:21,Air_Shakti_564_5GHz,192.168.1.3,DOWN,
2025-11-10 12:06:23,Air_Shakti_564_2.4GHz,192.168.1.4,DOWN,
2025-11-10 12:06:25,Air_Shakti_501_2.4GHz,192.168.1.5,DOWN,
2025-11-10 12:06:27,Air_Shakti_501_5GHz,192.168.1.6,DOWN,
2025-11-10 12:06:29,Lawful_Connect_2.4GHz,192.168.1.7,DOWN,
2025-11-10 12:06:31,Lawfull_Conect_5GHz,192.168.1.8,DOWN,
2025-11-10 12:06:33,Airtel_Zerotouch,192.168.1.9,DOWN,
2025-11-10 12:06:35,Airtel_Zerotouch_5G,192.168.1.10,DOWN,
